{"cameraMode":{"drawMode":0,"name":"Shaded","section":"Shading Mode"},"sceneLighting":true,"audioPlay":false,"sceneViewState":{"showFog":true,"showMaterialUpdate":false,"showSkybox":true,"showFlares":true,"showImageEffects":true,"showParticleSystems":true},"in2DMode":false,"pivot":{"x":-70.71311950683594,"y":10.695430755615235,"z":52.09935760498047},"rotation":{"x":-0.16407208144664765,"y":-0.3127330243587494,"z":0.05530848726630211,"w":-0.9340423941612244},"size":45.06034469604492,"orthographic":false}