{"cameraMode":{"drawMode":0,"name":"Shaded","section":"Shading Mode"},"sceneLighting":true,"audioPlay":false,"sceneViewState":{"showFog":true,"showMaterialUpdate":false,"showSkybox":true,"showFlares":true,"showImageEffects":true,"showParticleSystems":true},"in2DMode":false,"pivot":{"x":-6.574604034423828,"y":-63.257965087890628,"z":234.48443603515626},"rotation":{"x":-0.1494409441947937,"y":0.010386265814304352,"z":-0.0015527857467532158,"w":-0.9887803792953491},"size":177.47271728515626,"orthographic":false}