{"cameraMode":{"drawMode":0,"name":"Shaded","section":"Shading Mode"},"sceneLighting":true,"audioPlay":false,"sceneViewState":{"showFog":true,"showMaterialUpdate":false,"showSkybox":true,"showFlares":true,"showImageEffects":true,"showParticleSystems":true},"in2DMode":false,"pivot":{"x":-24.9849853515625,"y":12.513922691345215,"z":12.4066162109375},"rotation":{"x":-0.11397422105073929,"y":-0.4387092590332031,"z":0.056406281888484958,"w":-0.8896905779838562},"size":24.67506980895996,"orthographic":false}