{"cameraMode":{"drawMode":0,"name":"Shaded","section":"Shading Mode"},"sceneLighting":true,"audioPlay":false,"sceneViewState":{"showFog":true,"showMaterialUpdate":false,"showSkybox":true,"showFlares":true,"showImageEffects":true,"showParticleSystems":true},"in2DMode":false,"pivot":{"x":18.280845642089845,"y":-3.6312217712402345,"z":34.624183654785159},"rotation":{"x":-0.20406173169612885,"y":0.00588297238573432,"z":-0.0012082761386409402,"w":-0.978973925113678},"size":29.785425186157228,"orthographic":false}